{"cameraMode":{"drawMode":0,"name":"Shaded","section":"Shading Mode"},"sceneLighting":false,"audioPlay":false,"sceneViewState":{"m_AlwaysRefresh":false,"showFog":true,"showSkybox":false,"showFlares":true,"showImageEffects":true,"showParticleSystems":true,"showVisualEffectGraphs":true,"m_FxEnabled":true},"in2DMode":false,"pivot":{"x":0.16933059692382813,"y":1.2122621536254883,"z":-0.8785781860351563},"rotation":{"x":0.031526967883110049,"y":0.812791645526886,"z":-0.5800257325172424,"w":0.044178951531648639},"size":8.66025447845459,"orthographic":false}